{
	"credit": "Made with Blockbench",
	"parent": "block/thin_block",
	"textures": {
		"0": "block/birch_trapdoor",
		"2": "block/birch_trapdoor_1",
		"particle": "block/birch_trapdoor"
	},
	"elements": [
		{
			"name": "Element",
			"from": [0, 0, 0],
			"to": [16, 3, 16],
			"faces": {
				"north": {"uv": [0, 15.25, 16, 15.75], "texture": "#0", "cullface": "north"},
				"east": {"uv": [0.25, 0, 0.75, 16], "rotation": 270, "texture": "#0", "cullface": "east"},
				"south": {"uv": [0, 0.25, 16, 0.75], "rotation": 180, "texture": "#0", "cullface": "south"},
				"west": {"uv": [15.25, 0, 15.75, 16], "texture": "#0", "cullface": "west"},
				"up": {"uv": [16, 16, 0, 0], "texture": "#0"},
				"down": {"uv": [0, 0, 16, 16], "texture": "#0", "cullface": "down"}
			}
		},
		{
			"name": "Element",
			"from": [13, 3, 13],
			"to": [3, 0, 3],
			"faces": {
				"north": {"uv": [3, 2.25, 13, 2.75], "rotation": 180, "texture": "#0"},
				"east": {"uv": [13.25, 3, 13.75, 13], "rotation": 90, "texture": "#0"},
				"south": {"uv": [3, 13.25, 13, 13.75], "rotation": 180, "texture": "#0"},
				"west": {"uv": [2.25, 3, 2.75, 13], "rotation": 270, "texture": "#0"}
			}
		},
		{
			"name": "Element",
			"from": [3, 1.5, 3],
			"to": [13, 1.5, 13],
			"faces": {
				"up": {"uv": [13, 13, 3, 3], "texture": "#2"},
				"down": {"uv": [3, 3, 13, 13], "texture": "#2"}
			}
		}
	]
}