{
	"credit": "Made with Blockbench",
	"ambientocclusion": false,
	"texture_size": [2048, 2048],
	"textures": {
		"particle": "block/pink_petals_3",
		"flowerbed": "block/pink_petals_3",
		"stem": "block/pink_petals_stem"
	},
	"elements": [
		{
			"from": [8, 2, 8],
			"to": [16, 2, 16],
			"faces": {
				"up": {"uv": [4, 4, 12, 12], "texture": "#flowerbed"},
				"down": {"uv": [4, 12, 12, 4], "texture": "#flowerbed"}
			}
		},
		{
			"from": [17.65, 0, 1.9],
			"to": [18.65, 2, 1.9],
			"rotation": {"angle": -45, "axis": "y", "origin": [0.5, 0, 0.5]},
			"faces": {
				"north": {"uv": [7.5, 6, 8.5, 8], "texture": "#stem", "tintindex": 1},
				"south": {"uv": [7.5, 6, 8.5, 8], "texture": "#stem", "tintindex": 1}
			}
		},
		{
			"from": [18.15, 0, 1.4],
			"to": [18.15, 2, 2.4],
			"rotation": {"angle": -45, "axis": "y", "origin": [0.5, 0, 0.5]},
			"faces": {
				"east": {"uv": [7.5, 6, 8.5, 8], "texture": "#stem", "tintindex": 1},
				"west": {"uv": [7.5, 6, 8.5, 8], "texture": "#stem", "tintindex": 1}
			}
		},
		{
			"from": [17.65, 0, -3.35],
			"to": [17.65, 2, -2.35],
			"rotation": {"angle": -45, "axis": "y", "origin": [0, 0, 0]},
			"faces": {
				"east": {"uv": [7.5, 6, 8.5, 8], "texture": "#stem", "tintindex": 1},
				"west": {"uv": [7.5, 6, 8.5, 8], "texture": "#stem", "tintindex": 1}
			}
		},
		{
			"from": [17.15, 0, -2.85],
			"to": [18.15, 2, -2.85],
			"rotation": {"angle": -45, "axis": "y", "origin": [0, 0, 0]},
			"faces": {
				"north": {"uv": [7.5, 6, 8.5, 8], "texture": "#stem", "tintindex": 1},
				"south": {"uv": [7.5, 6, 8.5, 8], "texture": "#stem", "tintindex": 1}
			}
		},
		{
			"from": [13.4, 0, -0.5],
			"to": [13.4, 2, 0.5],
			"rotation": {"angle": -45, "axis": "y", "origin": [0, 0, 0]},
			"faces": {
				"east": {"uv": [7.5, 6, 8.5, 8], "texture": "#stem", "tintindex": 1},
				"west": {"uv": [7.5, 6, 8.5, 8], "texture": "#stem", "tintindex": 1}
			}
		},
		{
			"from": [12.9, 0, 0],
			"to": [13.9, 2, 0],
			"rotation": {"angle": -45, "axis": "y", "origin": [0, 0, 0]},
			"faces": {
				"north": {"uv": [7.5, 6, 8.5, 8], "texture": "#stem", "tintindex": 1},
				"south": {"uv": [7.5, 6, 8.5, 8], "texture": "#stem", "tintindex": 1}
			}
		}
	]
}