{
	"credit": "Made with Blockbench",
	"parent": "block/thin_block",
	"textures": {
		"0": "block/jungle_trapdoor",
		"particle": "block/jungle_trapdoor"
	},
	"elements": [
		{
			"name": "Element",
			"from": [0, 0, 0],
			"to": [16, 3, 16],
			"faces": {
				"north": {"uv": [0, 15.75, 16, 15.25], "rotation": 180, "texture": "#0", "cullface": "north"},
				"east": {"uv": [0.75, 0, 0.25, 16], "rotation": 90, "texture": "#0", "cullface": "east"},
				"south": {"uv": [0, 0.75, 16, 0.25], "texture": "#0", "cullface": "south"},
				"west": {"uv": [15.75, 0, 15.25, 16], "rotation": 270, "texture": "#0", "cullface": "west"},
				"up": {"uv": [0, 0, 16, 16], "rotation": 180, "texture": "#0"},
				"down": {"uv": [0, 0, 16, 16], "texture": "#0", "cullface": "down"}
			}
		},
		{
			"name": "Element",
			"from": [13, 3, 7],
			"to": [3, 0, 3],
			"faces": {
				"north": {"uv": [3.5, 8.75, 11.5, 8.25], "rotation": 180, "texture": "#0"},
				"east": {"uv": [13.75, 12.25, 13.25, 12.75], "rotation": 90, "texture": "#0"},
				"south": {"uv": [6.25, 13.75, 6.75, 13.25], "texture": "#0"},
				"west": {"uv": [2.75, 12.25, 2.25, 12.75], "rotation": 270, "texture": "#0"}
			}
		},
		{
			"name": "Element",
			"from": [13, 3, 13],
			"to": [3, 0, 9],
			"faces": {
				"north": {"uv": [6.75, 2.25, 5.25, 2.75], "texture": "#0"},
				"east": {"uv": [13.75, 4.25, 13.25, 5.75], "rotation": 90, "texture": "#0"},
				"south": {"uv": [6.25, 7.75, 8.75, 7.25], "texture": "#0"},
				"west": {"uv": [2.75, 4.25, 2.25, 5.75], "rotation": 270, "texture": "#0"}
			}
		}
	]
}