{
	"credit": "Made with Blockbench",
	"textures": {
		"particle": "block/spruce_trapdoor",
		"texture": "block/spruce_trapdoor"
	},
	"elements": [
		{
			"name": "Element",
			"from": [0, 0, 13],
			"to": [16, 16, 16],
			"faces": {
				"north": {"uv": [0, 0, 16, 16], "texture": "#texture"},
				"east": {"uv": [0.25, 0, 0.75, 16], "rotation": 180, "texture": "#texture", "cullface": "east"},
				"south": {"uv": [0, 0, 16, 16], "texture": "#texture", "cullface": "south"},
				"west": {"uv": [15.75, 0, 15.25, 16], "texture": "#texture", "cullface": "west"},
				"up": {"uv": [0, 15.75, 16, 15.25], "texture": "#texture", "cullface": "up"},
				"down": {"uv": [0, 0.25, 16, 0.75], "rotation": 180, "texture": "#texture", "cullface": "down"}
			}
		}
	]
}